Geocode,Geographic name,Sex,Data quality flag,Census Years,Note,0 to 14 years (counts),0 to 14 years (% distribution),15 to 64 years (counts),15 to 64 years (% distribution),65 years and over (counts),65 years and over (% distribution),Total (counts),Total (% distribution),Median age,   
01,Canada,Both sexes,20000,1921,5,3023351,34.4,5344354,60.8,420244,4.8,8787949,100,23.9,   
01,Canada,Both sexes,20000,1931,4,3281776,31.6,6518934,62.8,576076,5.6,10376786,100,24.7,   
01,Canada,Both sexes,20000,1941,4,3198551,27.8,7540289,65.5,767815,6.7,11506655,100,27,   
01,Canada,Both sexes,20000,1951,3,4250717,30.3,8672439,61.9,1086273,7.8,14009429,100,27.7,   
01,Canada,Both sexes,20000,1961,2,6191922,34,10655171,58.4,1391154,7.6,18238247,100,26.3,   
01,Canada,Both sexes,20000,1971,1,6380900,29.6,13443005,62.3,1744405,8.1,21568310,100,26.2,   
01,Canada,Both sexes,20000,1981,1,5481100,22.5,16501100,67.8,2360975,9.7,24343180,100,29.6,   
01,Canada,Both sexes,20000,1991,1,5692555,20.9,18434335,67.5,3169970,11.6,27296855,100,33.5,   
01,Canada,Both sexes,20000,2001, ,5725535,19.1,20393005,68,3888550,13,30007090,100,37.6,   
01,Canada,Both sexes,20000,2011, ,5607345,16.7,22924290,68.5,4945060,14.8,33476690,100,40.6,   
01,Canada,Females,20000,1921,5,1497881,35.2,2555145,60,205280,4.8,4258306,100,23.2,   
01,Canada,Females,20000,1931,4,1622762,32.4,3097957,61.9,281526,5.6,5002245,100,24,   
01,Canada,Females,20000,1941,4,1579252,28.2,3649961,65.1,376906,6.7,5606119,100,26.6,   
01,Canada,Females,20000,1951,3,2082659,30.1,4302927,62.2,534970,7.7,6920556,100,27.6,   
01,Canada,Females,20000,1961,2,3025831,33.5,5276486,58.5,717037,7.9,9019354,100,26.6,   
01,Canada,Females,20000,1971,1,3117420,28.9,6692980,62.1,962540,8.9,10772945,100,26.7,   
01,Canada,Females,20000,1981,1,2669970,21.8,8254800,67.2,1350120,11,12274890,100,30.3,   
01,Canada,Females,20000,1991,1,2775650,20.1,9227085,66.7,1839545,13.3,13842280,100,34.2,   
01,Canada,Females,20000,2001, ,2794545,18.3,10279800,67.2,2225895,14.5,15300245,100,38.4,   
01,Canada,Females,20000,2011, ,2736245,16,11579935,67.9,2746285,16.1,17062460,100,41.5,   
01,Canada,Males,20000,1921,5,1525470,33.7,2789209,61.6,214964,4.7,4529643,100,24.7,   
01,Canada,Males,20000,1931,4,1659014,30.9,3420977,63.7,294550,5.5,5374541,100,25.5,   
01,Canada,Males,20000,1941,4,1619299,27.4,3890328,65.9,390909,6.6,5900536,100,27.5,   
01,Canada,Males,20000,1951,3,2168058,30.6,4369512,61.6,551303,7.8,7088873,100,27.8,   
01,Canada,Males,20000,1961,2,3166091,34.3,5378685,58.3,674117,7.3,9218893,100,26.1,   
01,Canada,Males,20000,1971,1,3263480,30.2,6750025,62.5,781860,7.2,10795365,100,25.7,   
01,Canada,Males,20000,1981,1,2811130,23.3,8246305,68.3,1010855,8.4,12068285,100,29,   
01,Canada,Males,20000,1991,1,2916910,21.7,9207250,68.4,1330425,9.9,13454580,100,32.7,   
01,Canada,Males,20000,2001, ,2930990,19.9,10113205,68.8,1662655,11.3,14706850,100,36.8,   
01,Canada,Males,20000,2011, ,2871100,17.5,11344355,69.1,2198775,13.4,16414230,100,39.6,   
10,Newfoundland and Labrador,Both sexes,00000,1921,5,...,...,...,...,...,...,...,...,...,   
10,Newfoundland and Labrador,Both sexes,00000,1931,4,...,...,...,...,...,...,...,...,...,   
10,Newfoundland and Labrador,Both sexes,00000,1941,4,...,...,...,...,...,...,...,...,...,   
10,Newfoundland and Labrador,Both sexes,00000,1951,3,141390,39.1,196536,54.4,23490,6.5,361416,100,21.6,   
10,Newfoundland and Labrador,Both sexes,00000,1961,2,191563,41.8,239395,52.3,26895,5.9,457853,100,19.1,   
10,Newfoundland and Labrador,Both sexes,00000,1971,1,194585,37.3,295445,56.6,32070,6.1,522105,100,20.7,   
10,Newfoundland and Labrador,Both sexes,00000,1981,1,167340,29.5,356560,62.8,43775,7.7,567680,100,25.2,   
10,Newfoundland and Labrador,Both sexes,00000,1991,1,127920,22.5,385390,67.8,55160,9.7,568475,100,30.8,   
10,Newfoundland and Labrador,Both sexes,00000,2001, ,88770,17.3,361105,70.4,63060,12.3,512930,100,38.4,   
10,Newfoundland and Labrador,Both sexes,00000,2011, ,76630,14.9,355805,69.2,82105,16,514535,100,44,   
10,Newfoundland and Labrador,Females,00000,1921,5,...,...,...,...,...,...,...,...,...,   
10,Newfoundland and Labrador,Females,00000,1931,4,...,...,...,...,...,...,...,...,...,   
10,Newfoundland and Labrador,Females,00000,1941,4,...,...,...,...,...,...,...,...,...,   
10,Newfoundland and Labrador,Females,00000,1951,3,69580,39.5,95219,54,11474,6.5,176273,100,21.3,   
10,Newfoundland and Labrador,Females,00000,1961,2,94284,42.3,115303,51.7,13342,6,222929,100,18.8,   
10,Newfoundland and Labrador,Females,00000,1971,1,95235,37.2,143990,56.2,16775,6.6,255995,100,20.7,   
10,Newfoundland and Labrador,Females,00000,1981,1,81630,28.9,176780,62.7,23585,8.4,281990,100,25.5,   
10,Newfoundland and Labrador,Females,00000,1991,1,62760,22,191610,67.3,30265,10.6,284635,100,31.2,   
10,Newfoundland and Labrador,Females,00000,2001, ,43220,16.5,183690,70.1,35060,13.4,261965,100,38.8,   
10,Newfoundland and Labrador,Females,00000,2011, ,37370,14.2,182025,69,44580,16.9,263970,100,44.5,   
10,Newfoundland and Labrador,Males,00000,1921,5,...,...,...,...,...,...,...,...,...,   
10,Newfoundland and Labrador,Males,00000,1931,4,...,...,...,...,...,...,...,...,...,   
10,Newfoundland and Labrador,Males,00000,1941,4,...,...,...,...,...,...,...,...,...,   
10,Newfoundland and Labrador,Males,00000,1951,3,71810,38.8,101317,54.7,12016,6.5,185143,100,22,   
10,Newfoundland and Labrador,Males,00000,1961,2,97279,41.4,124092,52.8,13553,5.8,234924,100,19.5,   
10,Newfoundland and Labrador,Males,00000,1971,1,99355,37.3,151460,56.9,15295,5.7,266110,100,20.8,   
10,Newfoundland and Labrador,Males,00000,1981,1,85715,30,179780,62.9,20195,7.1,285690,100,25,   
10,Newfoundland and Labrador,Males,00000,1991,1,65165,23,193785,68.3,24895,8.8,283840,100,30.3,   
10,Newfoundland and Labrador,Males,00000,2001, ,45545,18.1,177415,70.7,28000,11.2,250960,100,37.9,   
10,Newfoundland and Labrador,Males,00000,2011, ,39260,15.7,173780,69.4,37530,15,250565,100,43.4,   
11,Prince Edward Island,Both sexes,00000,1921,5,28793,32.5,51314,57.9,8508,9.6,88615,100,24.8,   
11,Prince Edward Island,Both sexes,00000,1931,4,28111,31.9,51217,58.2,8710,9.9,88038,100,24.9,   
11,Prince Edward Island,Both sexes,00000,1941,4,28673,30.2,57418,60.4,8956,9.4,95047,100,25.9,   
11,Prince Edward Island,Both sexes,00000,1951,3,32865,33.4,55857,56.7,9707,9.9,98429,100,26.2,   
11,Prince Edward Island,Both sexes,00000,1961,2,37701,36,55998,53.5,10930,10.4,104629,100,24.5,   
11,Prince Edward Island,Both sexes,00000,1971,1,35405,31.7,63890,57.2,12350,11.1,111640,100,24.8,   
11,Prince Edward Island,Both sexes,00000,1981,1,30420,24.8,77195,63,14895,12.2,122505,100,28.8,   
11,Prince Edward Island,Both sexes,00000,1991,1,29360,22.6,83330,64.2,17080,13.2,129765,100,32.8,   
11,Prince Edward Island,Both sexes,00000,2001, ,26645,19.7,90075,66.6,18575,13.7,135295,100,37.7,   
11,Prince Edward Island,Both sexes,00000,2011, ,23055,16.4,94360,67.3,22785,16.3,140205,100,42.8,   
11,Prince Edward Island,Females,00000,1921,5,14108,32.3,25483,58.3,4137,9.5,43728,100,24.9,   
11,Prince Edward Island,Females,00000,1931,4,13835,32.4,24526,57.5,4285,10,42646,100,25,   
11,Prince Edward Island,Females,00000,1941,4,14094,30.8,27255,59.5,4470,9.8,45819,100,25.7,   
11,Prince Edward Island,Females,00000,1951,3,16080,33.4,27237,56.5,4894,10.2,48211,100,26.1,   
11,Prince Edward Island,Females,00000,1961,2,18583,36.2,27034,52.7,5655,11,51272,100,24.5,   
11,Prince Edward Island,Females,00000,1971,1,17335,31.3,31420,56.7,6655,12,55415,100,25.2,   
11,Prince Edward Island,Females,00000,1981,1,14720,23.9,38575,62.7,8270,13.4,61565,100,29.6,   
11,Prince Edward Island,Females,00000,1991,1,14390,21.9,41635,63.3,9770,14.8,65795,100,33.6,   
11,Prince Edward Island,Females,00000,2001, ,13055,18.8,45755,65.8,10735,15.4,69540,100,38.5,   
11,Prince Edward Island,Females,00000,2011, ,11360,15.6,48595,66.9,12650,17.4,72600,100,43.6,   
11,Prince Edward Island,Males,00000,1921,5,14685,32.7,25831,57.5,4371,9.7,44887,100,24.8,   
11,Prince Edward Island,Males,00000,1931,4,14276,31.5,26691,58.8,4425,9.7,45392,100,24.9,   
11,Prince Edward Island,Males,00000,1941,4,14579,29.6,30163,61.3,4486,9.1,49228,100,26.1,   
11,Prince Edward Island,Males,00000,1951,3,16785,33.4,28620,57,4813,9.6,50218,100,26.3,   
11,Prince Edward Island,Males,00000,1961,2,19118,35.8,28964,54.3,5275,9.9,53357,100,24.5,   
11,Prince Edward Island,Males,00000,1971,1,18070,32.1,32465,57.7,5690,10.1,56225,100,24.5,   
11,Prince Edward Island,Males,00000,1981,1,15700,25.8,38615,63.4,6625,10.9,60940,100,28.1,   
11,Prince Edward Island,Males,00000,1991,1,14965,23.4,41690,65.2,7310,11.4,63970,100,32,   
11,Prince Edward Island,Males,00000,2001, ,13595,20.7,44315,67.4,7840,11.9,65755,100,36.8,   
11,Prince Edward Island,Males,00000,2011, ,11695,17.3,45765,67.7,10135,15,67600,100,41.9,   
12,Nova Scotia,Both sexes,00000,1921,5,177591,33.9,308315,58.9,37931,7.2,523837,100,23.6,   
12,Nova Scotia,Both sexes,00000,1931,4,167000,32.6,305197,59.5,40649,7.9,512846,100,24.1,   
12,Nova Scotia,Both sexes,00000,1941,4,168840,29.2,362096,62.7,47026,8.1,577962,100,25.8,   
12,Nova Scotia,Both sexes,00000,1951,3,209487,32.6,378172,58.9,54925,8.5,642584,100,26.5,   
12,Nova Scotia,Both sexes,00000,1961,2,256328,34.8,417262,56.6,63417,8.6,737007,100,24.9,   
12,Nova Scotia,Both sexes,00000,1971,1,240765,30.5,475730,60.3,72465,9.2,788960,100,25.4,   
12,Nova Scotia,Both sexes,00000,1981,1,198490,23.4,556395,65.7,92550,10.9,847440,100,29.3,   
12,Nova Scotia,Both sexes,00000,1991,1,184360,20.5,602185,66.9,113400,12.6,899940,100,33.4,   
12,Nova Scotia,Both sexes,00000,2001, ,165025,18.2,616415,67.9,126565,13.9,908010,100,38.8,   
12,Nova Scotia,Both sexes,00000,2011, ,138215,15,630140,68.4,153370,16.6,921725,100,43.7,   
12,Nova Scotia,Females,00000,1921,5,87322,33.9,150693,58.6,19350,7.5,257365,100,23.4,   
12,Nova Scotia,Females,00000,1931,4,82321,33,146927,58.8,20494,8.2,249742,100,24,   
12,Nova Scotia,Females,00000,1941,4,83099,29.5,175119,62.1,23700,8.4,281918,100,25.6,   
12,Nova Scotia,Females,00000,1951,3,102783,32.4,187143,58.9,27703,8.7,317629,100,26.5,   
12,Nova Scotia,Females,00000,1961,2,125131,34.5,204602,56.4,33030,9.1,362763,100,25.3,   
12,Nova Scotia,Females,00000,1971,1,117380,29.9,235395,60,39720,10.1,392495,100,26.1,   
12,Nova Scotia,Females,00000,1981,1,96755,22.6,279055,65.2,52065,12.2,427865,100,30,   
12,Nova Scotia,Females,00000,1991,1,90335,19.7,302315,66,65650,14.3,458295,100,34.2,   
12,Nova Scotia,Females,00000,2001, ,80860,17.2,314730,67.1,73330,15.6,468920,100,39.5,   
12,Nova Scotia,Females,00000,2011, ,67435,14.2,323250,67.9,85450,17.9,476140,100,44.6,   
12,Nova Scotia,Males,00000,1921,5,90269,33.9,157622,59.2,18581,7,266472,100,23.9,   
12,Nova Scotia,Males,00000,1931,4,84679,32.2,158270,60.2,20155,7.7,263104,100,24.2,   
12,Nova Scotia,Males,00000,1941,4,85741,29,186977,63.2,23326,7.9,296044,100,26.1,   
12,Nova Scotia,Males,00000,1951,3,106704,32.8,191029,58.8,27222,8.4,324955,100,26.5,   
12,Nova Scotia,Males,00000,1961,2,131197,35.1,212660,56.8,30387,8.1,374244,100,24.4,   
12,Nova Scotia,Males,00000,1971,1,123390,31.1,240335,60.6,32745,8.3,396465,100,24.9,   
12,Nova Scotia,Males,00000,1981,1,101740,24.2,277340,66.1,40495,9.7,419575,100,28.5,   
12,Nova Scotia,Males,00000,1991,1,94025,21.3,299870,67.9,47755,10.8,441645,100,32.6,   
12,Nova Scotia,Males,00000,2001, ,84165,19.2,301690,68.7,53235,12.1,439090,100,38,   
12,Nova Scotia,Males,00000,2011, ,70775,15.9,306885,68.9,67925,15.2,445585,100,42.7,   
13,New Brunswick,Both sexes,00000,1921,5,139681,36,224192,57.8,24003,6.2,387876,100,22.2,   
13,New Brunswick,Both sexes,00000,1931,4,144721,35.5,236159,57.9,27339,6.7,408219,100,22.2,   
13,New Brunswick,Both sexes,00000,1941,4,145791,31.9,279176,61,32434,7.1,457401,100,24,   
13,New Brunswick,Both sexes,00000,1951,3,183914,35.7,292750,56.8,39033,7.6,515697,100,24.2,   
13,New Brunswick,Both sexes,00000,1961,2,227187,38,323832,54.2,46917,7.8,597936,100,22.3,   
13,New Brunswick,Both sexes,00000,1971,1,203105,32,376750,59.4,54700,8.6,634555,100,23.9,   
13,New Brunswick,Both sexes,00000,1981,1,173580,24.9,452270,64.9,70555,10.1,696400,100,28.1,   
13,New Brunswick,Both sexes,00000,1991,1,151220,20.9,484535,66.9,88145,12.2,723900,100,33.2,   
13,New Brunswick,Both sexes,00000,2001, ,130095,17.8,500465,68.6,98935,13.6,729500,100,38.6,   
13,New Brunswick,Both sexes,00000,2011, ,113575,15.1,513960,68.4,123635,16.5,751175,100,43.7,   
13,New Brunswick,Females,00000,1921,5,69057,36.2,109746,57.6,11722,6.2,190525,100,22,   
13,New Brunswick,Females,00000,1931,4,71440,35.8,114798,57.5,13361,6.7,199599,100,22,   
13,New Brunswick,Females,00000,1941,4,72321,32.4,134963,60.4,16020,7.2,223304,100,23.8,   
13,New Brunswick,Females,00000,1951,3,90256,35.2,146791,57.2,19439,7.6,256486,100,24.2,   
13,New Brunswick,Females,00000,1961,2,111088,37.6,160308,54.3,24100,8.2,295496,100,22.7,   
13,New Brunswick,Females,00000,1971,1,98795,31.4,186550,59.2,29785,9.5,315135,100,24.4,   
13,New Brunswick,Females,00000,1981,1,84575,24.1,226355,64.6,39465,11.3,350400,100,28.8,   
13,New Brunswick,Females,00000,1991,1,73740,20.1,242310,66.1,50665,13.8,366715,100,33.9,   
13,New Brunswick,Females,00000,2001, ,63240,17,252315,67.7,57240,15.4,372790,100,39.4,   
13,New Brunswick,Females,00000,2011, ,55625,14.5,260745,67.8,68365,17.8,384730,100,44.6,   
13,New Brunswick,Males,00000,1921,5,70624,35.8,114446,58,12281,6.2,197351,100,22.5,   
13,New Brunswick,Males,00000,1931,4,73281,35.1,121361,58.2,13978,6.7,208620,100,22.4,   
13,New Brunswick,Males,00000,1941,4,73470,31.4,144213,61.6,16414,7,234097,100,24.2,   
13,New Brunswick,Males,00000,1951,3,93658,36.1,145959,56.3,19594,7.6,259211,100,24.3,   
13,New Brunswick,Males,00000,1961,2,116099,38.4,163524,54.1,22817,7.5,302440,100,21.9,   
13,New Brunswick,Males,00000,1971,1,104310,32.7,190200,59.5,24915,7.8,319425,100,23.4,   
13,New Brunswick,Males,00000,1981,1,89005,25.7,225910,65.3,31085,9,346005,100,27.4,   
13,New Brunswick,Males,00000,1991,1,77475,21.7,242230,67.8,37485,10.5,357185,100,32.4,   
13,New Brunswick,Males,00000,2001, ,66860,18.7,248150,69.6,41695,11.7,356705,100,37.7,   
13,New Brunswick,Males,00000,2011, ,57950,15.8,253220,69.1,55270,15.1,366440,100,42.8,   
24,Quebec,Both sexes,20000,1921,5,899651,38.1,1352072,57.3,108787,4.6,2360510,100,20.8,   
24,Quebec,Both sexes,20000,1931,4,1022828,35.6,1713591,59.6,138243,4.8,2874662,100,22.1,   
24,Quebec,Both sexes,20000,1941,4,1062813,31.9,2093114,62.8,175955,5.3,3331882,100,24.1,   
24,Quebec,Both sexes,20000,1951,3,1366108,33.7,2457476,60.6,232097,5.7,4055681,100,24.8,   
24,Quebec,Both sexes,20000,1961,2,1863395,35.4,3089515,58.7,306301,5.8,5259211,100,24,   
24,Quebec,Both sexes,20000,1971,1,1785530,29.6,3829215,63.5,413015,6.9,6027760,100,25.6,   
24,Quebec,Both sexes,20000,1981,1,1395725,21.7,4473310,69.5,569370,8.8,6438405,100,29.7,   
24,Quebec,Both sexes,20000,1991,1,1378180,20,4746865,68.8,770920,11.2,6895965,100,34.2,   
24,Quebec,Both sexes,20000,2001, ,1291580,17.8,4986085,68.9,959815,13.3,7237480,100,38.8,   
24,Quebec,Both sexes,20000,2011, ,1258620,15.9,5386690,68.2,1257685,15.9,7903000,100,41.9,   
24,Quebec,Females,20000,1921,5,450024,38.1,676397,57.3,54438,4.6,1180859,100,20.7,   
24,Quebec,Females,20000,1931,4,508833,35.6,848806,59.5,69697,4.9,1427336,100,21.8,   
24,Quebec,Females,20000,1941,4,526728,31.8,1042664,62.9,89508,5.4,1658900,100,24.1,   
24,Quebec,Females,20000,1951,3,670244,33,1244680,61.2,118630,5.8,2033554,100,25,   
24,Quebec,Females,20000,1961,2,912169,34.7,1553585,59.1,161601,6.2,2627355,100,24.5,   
24,Quebec,Females,20000,1971,1,872990,28.8,1927770,63.6,232455,7.7,3033215,100,26.2,   
24,Quebec,Females,20000,1981,1,679595,20.8,2253125,69,333485,10.2,3266210,100,30.6,   
24,Quebec,Females,20000,1991,1,672215,19.1,2387190,67.9,458885,13,3518295,100,35.2,   
24,Quebec,Females,20000,2001, ,632505,17.1,2507570,67.7,564555,15.2,3704635,100,39.8,   
24,Quebec,Females,20000,2011, ,615880,15.3,2700495,67.1,710765,17.6,4027140,100,43,   
24,Quebec,Males,20000,1921,5,449627,38.1,675675,57.3,54349,4.6,1179651,100,20.9,   
24,Quebec,Males,20000,1931,4,513995,35.5,864785,59.8,68546,4.7,1447326,100,22.3,   
24,Quebec,Males,20000,1941,4,536085,32,1050450,62.8,86447,5.2,1672982,100,24.2,   
24,Quebec,Males,20000,1951,3,695864,34.4,1212796,60,113467,5.6,2022127,100,24.5,   
24,Quebec,Males,20000,1961,2,951226,36.1,1535930,58.4,144700,5.5,2631856,100,23.5,   
24,Quebec,Males,20000,1971,1,912545,30.5,1901440,63.5,180560,6,2994550,100,25,   
24,Quebec,Males,20000,1981,1,716125,22.6,2220185,70,235890,7.4,3172200,100,28.9,   
24,Quebec,Males,20000,1991,1,705960,20.9,2359670,69.9,312040,9.2,3377670,100,33.3,   
24,Quebec,Males,20000,2001, ,659075,18.7,2478515,70.2,395255,11.2,3532845,100,37.8,   
24,Quebec,Males,20000,2011, ,642740,16.6,2686200,69.3,546920,14.1,3875865,100,40.7,   
35,Ontario,Both sexes,20000,1921,5,885434,30.2,1875977,63.9,172251,5.9,2933662,100,26.8,   
35,Ontario,Both sexes,20000,1931,4,958999,27.9,2238523,65.2,234161,6.8,3431683,100,27.7,   
35,Ontario,Both sexes,20000,1941,4,924243,24.4,2562087,67.6,301325,8,3787655,100,29.8,   
35,Ontario,Both sexes,20000,1951,3,1239314,27,2957865,64.3,400363,8.7,4597542,100,30.1,   
35,Ontario,Both sexes,20000,1961,2,2007749,32.2,3720270,59.7,508073,8.1,6236092,100,28.4,   
35,Ontario,Both sexes,20000,1971,1,2208490,28.7,4850200,63,644410,8.4,7703105,100,27.2,   
35,Ontario,Both sexes,20000,1981,1,1886665,21.9,5870250,68.1,868190,10.1,8625105,100,30.6,   
35,Ontario,Both sexes,20000,1991,1,2055240,20.4,6846170,67.9,1183475,11.7,10084885,100,33.6,   
35,Ontario,Both sexes,20000,2001, ,2232750,19.6,7705125,67.5,1472170,12.9,11410045,100,37.2,   
35,Ontario,Both sexes,20000,2011, ,2180770,17,8792725,68.4,1878325,14.6,12851820,100,40.4,   
35,Ontario,Females,20000,1921,5,437213,30.1,928428,64,86131,5.9,1451772,100,26.6,   
35,Ontario,Females,20000,1931,4,472444,28.1,1091216,64.8,119179,7.1,1682839,100,27.7,   
35,Ontario,Females,20000,1941,4,455232,24.4,1254739,67.2,156483,8.4,1866454,100,29.8,   
35,Ontario,Females,20000,1951,3,605507,26.5,1467712,64.3,210153,9.2,2283372,100,30.2,   
35,Ontario,Females,20000,1961,2,979269,31.6,1845987,59.5,276308,8.9,3101564,100,28.9,   
35,Ontario,Females,20000,1971,1,1077400,27.9,2415315,62.5,369485,9.6,3862200,100,27.8,   
35,Ontario,Females,20000,1981,1,918950,21,2953065,67.4,506305,11.6,4378320,100,31.4,   
35,Ontario,Females,20000,1991,1,1001360,19.5,3440335,67,690115,13.4,5131805,100,34.4,   
35,Ontario,Females,20000,2001, ,1088055,18.7,3903915,66.9,841020,14.4,5832985,100,38,   
35,Ontario,Females,20000,2011, ,1063260,16.1,4480200,68,1045220,15.9,6588680,100,41.3,   
35,Ontario,Males,20000,1921,5,448221,30.2,947549,63.9,86120,5.8,1481890,100,27,   
35,Ontario,Males,20000,1931,4,486555,27.8,1147307,65.6,114982,6.6,1748844,100,27.8,   
35,Ontario,Males,20000,1941,4,469011,24.4,1307348,68,144842,7.5,1921201,100,29.9,   
35,Ontario,Males,20000,1951,3,633807,27.4,1490153,64.4,190210,8.2,2314170,100,29.9,   
35,Ontario,Males,20000,1961,2,1028480,32.8,1874283,59.8,231765,7.4,3134528,100,28,   
35,Ontario,Males,20000,1971,1,1131090,29.4,2434890,63.4,274925,7.2,3840905,100,26.6,   
35,Ontario,Males,20000,1981,1,967720,22.8,2917185,68.7,361885,8.5,4246790,100,29.9,   
35,Ontario,Males,20000,1991,1,1053885,21.3,3405840,68.8,493355,10,4953080,100,32.8,   
35,Ontario,Males,20000,2001, ,1144695,20.5,3801210,68.2,631155,11.3,5577055,100,36.4,   
35,Ontario,Males,20000,2011, ,1117510,17.8,4312525,68.9,833105,13.3,6263140,100,39.4,   
46,Manitoba,Both sexes,20000,1921,5,224112,36.7,367011,60.2,18995,3.1,610118,100,22.7,   
46,Manitoba,Both sexes,20000,1931,4,218842,31.3,449681,64.2,31616,4.5,700139,100,24.1,   
46,Manitoba,Both sexes,20000,1941,4,190979,26.2,493114,67.6,45651,6.3,729744,100,27.4,   
46,Manitoba,Both sexes,20000,1951,3,222714,28.7,488359,62.9,65468,8.4,776541,100,29,   
46,Manitoba,Both sexes,20000,1961,2,300106,32.6,538292,58.4,83288,9,921686,100,27.7,   
46,Manitoba,Both sexes,20000,1971,1,286795,29,605895,61.3,95560,9.7,988250,100,26.8,   
46,Manitoba,Both sexes,20000,1981,1,238265,23.2,666140,64.9,121830,11.9,1026240,100,29.9,   
46,Manitoba,Both sexes,20000,1991,1,239730,22,705610,64.6,146600,13.4,1091940,100,33,   
46,Manitoba,Both sexes,20000,2001, ,233715,20.9,729455,65.2,156415,14,1119580,100,36.8,   
46,Manitoba,Both sexes,20000,2011, ,231165,19.1,804655,66.6,172450,14.3,1208270,100,38.4,   
46,Manitoba,Females,20000,1921,5,110650,38.2,170296,58.8,8605,3,289551,100,21.5,   
46,Manitoba,Females,20000,1931,4,107891,32.5,209913,63.2,14270,4.3,332074,100,23,   
46,Manitoba,Females,20000,1941,4,93878,26.7,236971,67.4,20816,5.9,351665,100,26.6,   
46,Manitoba,Females,20000,1951,3,108815,28.5,242851,63.6,30057,7.9,381723,100,28.5,   
46,Manitoba,Females,20000,1961,2,146710,32.4,265542,58.6,40931,9,453183,100,27.9,   
46,Manitoba,Females,20000,1971,1,140615,28.5,301865,61.2,51160,10.4,493640,100,27.4,   
46,Manitoba,Females,20000,1981,1,116195,22.4,335085,64.5,68450,13.2,519735,100,30.7,   
46,Manitoba,Females,20000,1991,1,116990,21.1,351485,63.5,84945,15.3,553420,100,34,   
46,Manitoba,Females,20000,2001, ,114005,20,365565,64.1,90410,15.9,569985,100,37.8,   
46,Manitoba,Females,20000,2011, ,112540,18.3,404010,65.8,97170,15.8,613715,100,39.4,   
46,Manitoba,Males,20000,1921,5,113462,35.4,196715,61.4,10390,3.2,320567,100,24,   
46,Manitoba,Males,20000,1931,4,110951,30.1,239768,65.1,17346,4.7,368065,100,25.3,   
46,Manitoba,Males,20000,1941,4,97101,25.7,256143,67.7,24835,6.6,378079,100,28.1,   
46,Manitoba,Males,20000,1951,3,113899,28.8,245508,62.2,35411,9,394818,100,29.4,   
46,Manitoba,Males,20000,1961,2,153396,32.7,272750,58.2,42357,9,468503,100,27.5,   
46,Manitoba,Males,20000,1971,1,146180,29.6,304025,61.5,44400,9,494610,100,26.3,   
46,Manitoba,Males,20000,1981,1,122070,24.1,331055,65.4,53385,10.5,506510,100,29.1,   
46,Manitoba,Males,20000,1991,1,122740,22.8,354130,65.8,61655,11.4,538525,100,32,   
46,Manitoba,Males,20000,2001, ,119715,21.8,363885,66.2,66000,12,549600,100,35.8,   
46,Manitoba,Males,20000,2011, ,118620,20,400650,67.4,75285,12.7,594550,100,37.2,   
47,Saskatchewan,Both sexes,20000,1921,5,300897,39.7,439463,58,17150,2.3,757510,100,21.2,   
47,Saskatchewan,Both sexes,20000,1931,4,326500,35.4,564263,61.2,31022,3.4,921785,100,21.9,   
47,Saskatchewan,Both sexes,20000,1941,4,268076,29.9,581664,64.9,46252,5.2,895992,100,24.9,   
47,Saskatchewan,Both sexes,20000,1951,3,255252,30.7,509263,61.2,67213,8.1,831728,100,27.4,   
47,Saskatchewan,Both sexes,20000,1961,2,314914,34,524697,56.7,85570,9.2,925181,100,26.6,   
47,Saskatchewan,Both sexes,20000,1971,1,280430,30.3,551010,59.5,94800,10.2,926245,100,26.7,   
47,Saskatchewan,Both sexes,20000,1981,1,238610,24.6,613530,63.4,116170,12,968315,100,28.7,   
47,Saskatchewan,Both sexes,20000,1991,1,237465,24,611540,61.8,139925,14.1,988930,100,32.6,   
47,Saskatchewan,Both sexes,20000,2001, ,207225,21.2,624140,63.8,147570,15.1,978935,100,36.7,   
47,Saskatchewan,Both sexes,20000,2011, ,197860,19.1,681815,66,153710,14.9,1033380,100,38.2,   
47,Saskatchewan,Females,20000,1921,5,148151,43.1,188369,54.8,7290,2.1,343810,100,18.8,   
47,Saskatchewan,Females,20000,1931,4,161044,38.2,247477,58.7,13329,3.2,421850,100,20.1,   
47,Saskatchewan,Females,20000,1941,4,131850,31.5,267248,63.9,19331,4.6,418429,100,23.6,   
47,Saskatchewan,Females,20000,1951,3,125010,31.5,244227,61.5,27923,7,397160,100,26.4,   
47,Saskatchewan,Females,20000,1961,2,153664,34.5,253761,56.9,38192,8.6,445617,100,26.1,   
47,Saskatchewan,Females,20000,1971,1,137280,30.1,271005,59.5,47235,10.4,455520,100,26.9,   
47,Saskatchewan,Females,20000,1981,1,116345,24.1,303810,63,62085,12.9,482235,100,29.2,   
47,Saskatchewan,Females,20000,1991,1,115740,23.2,304290,61.1,78110,15.7,498145,100,33.2,   
47,Saskatchewan,Females,20000,2001, ,101405,20.4,312350,62.8,83425,16.8,497180,100,37.6,   
47,Saskatchewan,Females,20000,2011, ,96845,18.6,339575,65.1,85405,16.4,521825,100,39.2,   
47,Saskatchewan,Males,20000,1921,5,152746,36.9,251094,60.7,9860,2.4,413700,100,23.6,   
47,Saskatchewan,Males,20000,1931,4,165456,33.1,316786,63.4,17693,3.5,499935,100,23.6,   
47,Saskatchewan,Males,20000,1941,4,136226,28.5,314416,65.8,26921,5.6,477563,100,26.2,   
47,Saskatchewan,Males,20000,1951,3,130242,30,265036,61,39290,9,434568,100,28.4,   
47,Saskatchewan,Males,20000,1961,2,161250,33.6,270936,56.5,47378,9.9,479564,100,27.2,   
47,Saskatchewan,Males,20000,1971,1,143150,30.4,280005,59.5,47570,10.1,470720,100,26.4,   
47,Saskatchewan,Males,20000,1981,1,122265,25.2,309730,63.7,54085,11.1,486075,100,28.2,   
47,Saskatchewan,Males,20000,1991,1,121715,24.8,307245,62.6,61810,12.6,490780,100,32,   
47,Saskatchewan,Males,20000,2001, ,105820,22,311790,64.7,64140,13.3,481755,100,35.8,   
47,Saskatchewan,Males,20000,2011, ,101010,19.7,342240,66.9,68305,13.4,511555,100,37,   
48,Alberta,Both sexes,20000,1921,5,213726,36.3,360923,61.3,13805,2.3,588454,100,23.6,   
48,Alberta,Both sexes,20000,1931,4,238978,32.7,466967,63.8,25660,3.5,731605,100,24,   
48,Alberta,Both sexes,20000,1941,4,228452,28.7,526476,66.1,41241,5.2,796169,100,26.3,   
48,Alberta,Both sexes,20000,1951,3,286806,30.5,585751,62.3,66943,7.1,939501,100,27.2,   
48,Alberta,Both sexes,20000,1961,2,469324,35.2,769542,57.8,93078,7,1331944,100,25.5,   
48,Alberta,Both sexes,20000,1971,1,514505,31.6,994620,61.1,118745,7.3,1627875,100,24.9,   
48,Alberta,Both sexes,20000,1981,1,541670,24.2,1532665,68.5,163390,7.3,2237720,100,26.9,   
48,Alberta,Both sexes,20000,1991,1,601105,23.6,1713895,67.3,230550,9.1,2545555,100,31.3,   
48,Alberta,Both sexes,20000,2001, ,617595,20.8,2048815,68.9,308400,10.4,2974805,100,35,   
48,Alberta,Both sexes,20000,2011, ,684790,18.8,2554745,70.1,405725,11.1,3645260,100,36.5,   
48,Alberta,Females,20000,1921,5,105109,39.8,153415,58.1,5722,2.2,264246,100,20.9,   
48,Alberta,Females,20000,1931,4,118149,35.7,202453,61.1,10804,3.3,331406,100,21.7,   
48,Alberta,Females,20000,1941,4,112854,30.5,239714,64.8,17143,4.6,369711,100,24.6,   
48,Alberta,Females,20000,1951,3,140861,31.5,278232,62.2,28216,6.3,447309,100,26.2,   
48,Alberta,Females,20000,1961,2,228761,35.6,371572,57.8,42228,6.6,642561,100,24.9,   
48,Alberta,Females,20000,1971,1,251405,31.4,489420,61.2,59265,7.4,800090,100,24.9,   
48,Alberta,Females,20000,1981,1,263570,24.1,741785,67.8,89150,8.1,1094505,100,27.1,   
48,Alberta,Females,20000,1991,1,292780,23.1,845180,66.6,130215,10.3,1268180,100,31.6,   
48,Alberta,Females,20000,2001, ,301355,20.2,1015025,68.2,171840,11.5,1488220,100,35.6,   
48,Alberta,Females,20000,2011, ,333705,18.4,1262135,69.4,221600,12.2,1817445,100,37.1,   
48,Alberta,Males,20000,1921,5,108617,33.5,207508,64,8083,2.5,324208,100,25.9,   
48,Alberta,Males,20000,1931,4,120829,30.2,264514,66.1,14856,3.7,400199,100,26,   
48,Alberta,Males,20000,1941,4,115598,27.1,286762,67.2,24098,5.7,426458,100,28,   
48,Alberta,Males,20000,1951,3,145945,29.7,307520,62.5,38727,7.9,492192,100,28.1,   
48,Alberta,Males,20000,1961,2,240563,34.9,397970,57.7,50850,7.4,689383,100,26,   
48,Alberta,Males,20000,1971,1,263100,31.8,505195,61,59485,7.2,827785,100,24.9,   
48,Alberta,Males,20000,1981,1,278095,24.3,790880,69.2,74235,6.5,1143220,100,26.7,   
48,Alberta,Males,20000,1991,1,308325,24.1,868720,68,100330,7.9,1277375,100,31,   
48,Alberta,Males,20000,2001, ,316240,21.3,1033785,69.5,136560,9.2,1486590,100,34.4,   
48,Alberta,Males,20000,2011, ,351085,19.2,1292605,70.7,184125,10.1,1827815,100,35.9,   
59,British Columbia,Both sexes,20000,1921,5,149460,28.5,356727,68,18395,3.5,524582,100,29.8,   
59,British Columbia,Both sexes,20000,1931,4,171178,24.7,484982,69.9,38103,5.5,694263,100,30.6,   
59,British Columbia,Both sexes,20000,1941,4,175133,21.4,574656,70.3,68072,8.3,817861,100,32,   
59,British Columbia,Both sexes,20000,1951,3,304387,26.1,734686,63.1,126137,10.8,1165210,100,32,   
59,British Columbia,Both sexes,20000,1961,2,509143,31.3,954323,58.6,165616,10.2,1629082,100,29.8,   
59,British Columbia,Both sexes,20000,1971,1,609975,27.9,1369640,62.7,205000,9.4,2184625,100,27.9,   
59,British Columbia,Both sexes,20000,1981,1,588305,21.4,1857990,67.7,298170,10.9,2744465,100,30.9,   
59,British Columbia,Both sexes,20000,1991,1,662250,20.2,2197800,67,422010,12.9,3282060,100,34.7,   
59,British Columbia,Both sexes,20000,2001, ,706070,18.1,2668580,68.3,533090,13.6,3907735,100,38.4,   
59,British Columbia,Both sexes,20000,2011, ,677360,15.4,3033975,69,688720,15.7,4400055,100,41.9,   
59,British Columbia,Females,20000,1921,5,74231,32.1,149211,64.5,7731,3.3,231173,100,26.4,   
59,British Columbia,Females,20000,1931,4,84558,27.4,208522,67.5,15964,5.2,309044,100,27.7,   
59,British Columbia,Females,20000,1941,4,86466,22.6,267176,69.8,29188,7.6,382830,100,30.1,   
59,British Columbia,Females,20000,1951,3,149377,26.3,362694,63.8,56178,9.9,568249,100,31.2,   
59,British Columbia,Females,20000,1961,2,249090,31.1,469670,58.7,81228,10.2,799988,100,30,   
59,British Columbia,Females,20000,1971,1,298670,27.5,676130,62.4,109445,10.1,1084245,100,28.3,   
59,British Columbia,Females,20000,1981,1,286935,20.8,926030,67.1,166340,12.1,1379310,100,31.4,   
59,British Columbia,Females,20000,1991,1,322830,19.5,1093595,66,239660,14.5,1656085,100,35.2,   
59,British Columbia,Females,20000,2001, ,344140,17.3,1348085,67.8,296410,14.9,1988640,100,39,   
59,British Columbia,Females,20000,2011, ,329805,14.7,1541695,68.7,371960,16.6,2243455,100,42.7,   
59,British Columbia,Males,20000,1921,5,75229,25.6,207516,70.7,10664,3.6,293409,100,32.4,   
59,British Columbia,Males,20000,1931,4,86620,22.5,276460,71.8,22139,5.7,385219,100,33,   
59,British Columbia,Males,20000,1941,4,88667,20.4,307480,70.7,38884,8.9,435031,100,33.8,   
59,British Columbia,Males,20000,1951,3,155010,26,371992,62.3,69959,11.7,596961,100,32.9,   
59,British Columbia,Males,20000,1961,2,260053,31.4,484653,58.5,84388,10.2,829094,100,29.6,   
59,British Columbia,Males,20000,1971,1,311300,28.3,693515,63,95555,8.7,1100375,100,27.6,   
59,British Columbia,Males,20000,1981,1,301370,22.1,931955,68.3,131830,9.7,1365160,100,30.4,   
59,British Columbia,Males,20000,1991,1,339415,20.9,1104205,67.9,182350,11.2,1625975,100,34.1,   
59,British Columbia,Males,20000,2001, ,361930,18.9,1320495,68.8,236675,12.3,1919100,100,37.8,   
59,British Columbia,Males,20000,2011, ,347555,16.1,1492285,69.2,316760,14.7,2156600,100,41.1,   
60,Yukon,Both sexes,01000,1921,5,854,20.5,3056,73.5,247,5.9,4157,100,40.7,   
60,Yukon,Both sexes,01000,1931,4,1020,24.1,2807,66.4,403,9.5,4230,100,31.6,   
60,Yukon,Both sexes,01000,1941,4,1216,24.7,3143,64,555,11.3,4914,100,31,   
60,Yukon,Both sexes,01000,1951,3,2654,29.2,5975,65.7,467,5.1,9096,100,27.7,   
60,Yukon,Both sexes,01000,1961,2,5285,36.1,8868,60.6,475,3.2,14628,100,25.6,   
60,Yukon,Both sexes,01000,1971,1,6370,34.6,11500,62.6,520,2.8,18385,100,24.1,   
60,Yukon,Both sexes,01000,1981,1,6095,26.3,16320,70.5,740,3.2,23150,100,26.6,   
60,Yukon,Both sexes,01000,1991,1,6840,24.6,19865,71.5,1095,3.9,27800,100,31,   
60,Yukon,Both sexes,01000,2001, ,6035,21,20910,72.9,1730,6,28675,100,36.1,   
60,Yukon,Both sexes,01000,2011, ,5865,17.3,24945,73.6,3095,9.1,33895,100,39.1,   
60,Yukon,Females,01000,1921,5,429,32.1,863,64.5,46,3.4,1338,100,22.5,   
60,Yukon,Females,01000,1931,4,509,36.2,845,60.1,51,3.6,1405,100,20,   
60,Yukon,Females,01000,1941,4,605,34.4,1072,60.9,84,4.8,1761,100,25,   
60,Yukon,Females,01000,1951,3,1296,35.6,2230,61.3,113,3.1,3639,100,26.1,   
60,Yukon,Females,01000,1961,2,2578,40,3696,57.3,176,2.7,6450,100,23,   
60,Yukon,Females,01000,1971,1,3070,36.2,5200,61.4,195,2.3,8470,100,22.7,   
60,Yukon,Females,01000,1981,1,2940,26.8,7720,70.3,315,2.9,10975,100,25.9,   
60,Yukon,Females,01000,1991,1,3280,24.6,9510,71.4,525,3.9,13315,100,30.5,   
60,Yukon,Females,01000,2001, ,2930,20.6,10465,73.5,835,5.9,14230,100,35.8,   
60,Yukon,Females,01000,2011, ,2845,16.9,12540,74.5,1450,8.6,16840,100,39.1,   
60,Yukon,Males,01000,1921,5,425,15.1,2193,77.8,201,7.1,2819,100,46.3,   
60,Yukon,Males,01000,1931,4,511,18.1,1962,69.5,352,12.5,2825,100,40,   
60,Yukon,Males,01000,1941,4,611,19.4,2071,65.7,471,14.9,3153,100,35,   
60,Yukon,Males,01000,1951,3,1358,24.9,3745,68.6,354,6.5,5457,100,28.9,   
60,Yukon,Males,01000,1961,2,2707,33.1,5172,63.2,299,3.7,8178,100,27.4,   
60,Yukon,Males,01000,1971,1,3295,33.2,6300,63.5,325,3.3,9920,100,25.2,   
60,Yukon,Males,01000,1981,1,3150,25.9,8605,70.7,420,3.4,12175,100,27.3,   
60,Yukon,Males,01000,1991,1,3560,24.6,10350,71.5,570,3.9,14485,100,31.4,   
60,Yukon,Males,01000,2001, ,3105,21.5,10450,72.3,890,6.2,14445,100,36.4,   
60,Yukon,Males,01000,2011, ,3015,17.7,12400,72.7,1640,9.6,17055,100,39.2,   
61,Northwest Territories,Both sexes,01000,1921,5,3152,38.7,4819,59.2,172,2.1,8143,100,19.7,   
61,Northwest Territories,Both sexes,01000,1931,4,3599,38.6,5547,59.5,170,1.8,9316,100,20.9,   
61,Northwest Territories,Both sexes,01000,1941,4,4335,36,7345,61.1,348,2.9,12028,100,23.5,   
61,Northwest Territories,Both sexes,01000,1951,3,5826,36.4,9748,60.9,430,2.7,16004,100,22.5,   
61,Northwest Territories,Both sexes,01000,1961,2,9227,40.1,13177,57.3,594,2.6,22998,100,21.4,   
61,Northwest Territories,Both sexes,01000,1971,1,14940,42.9,19110,54.9,755,2.2,34810,100,19.1,   
61,Northwest Territories,Both sexes,01000,1981,1,15935,34.8,28480,62.3,1325,2.9,45740,100,22,   
61,Northwest Territories,Both sexes,01000,1991,1,18900,32.8,37145,64.4,1605,2.8,57650,100,24.8,   
61,Northwest Territories,Both sexes,01000,2001, ,10110,27.1,25615,68.6,1630,4.4,37360,100,30.1,   
61,Northwest Territories,Both sexes,01000,2011, ,9010,21.7,30055,72.5,2395,5.8,41460,100,32.3,   
61,Northwest Territories,Females,01000,1921,5,1587,40.3,2244,57,108,2.7,3939,100,18.4,   
61,Northwest Territories,Females,01000,1931,4,1738,40.4,2474,57.5,92,2.1,4304,100,19.4,   
61,Northwest Territories,Females,01000,1941,4,2125,39.9,3040,57.1,163,3.1,5328,100,20.6,   
61,Northwest Territories,Females,01000,1951,3,2850,41,3911,56.3,190,2.7,6951,100,20.8,   
61,Northwest Territories,Females,01000,1961,2,4504,44.3,5426,53.3,246,2.4,10176,100,18.7,   
61,Northwest Territories,Females,01000,1971,1,7245,43.8,8925,54,360,2.2,16530,100,18.4,   
61,Northwest Territories,Females,01000,1981,1,7765,35.7,13415,61.6,605,2.8,21775,100,21.5,   
61,Northwest Territories,Females,01000,1991,1,9220,33.4,17630,63.9,740,2.7,27595,100,24.3,   
61,Northwest Territories,Females,01000,2001, ,4980,27.3,12470,68.3,790,4.3,18245,100,29.8,   
61,Northwest Territories,Females,01000,2011, ,4475,21.9,14745,72.3,1180,5.8,20400,100,32.2,   
61,Northwest Territories,Males,01000,1921,5,1565,37.2,2575,61.3,64,1.5,4204,100,21.6,   
61,Northwest Territories,Males,01000,1931,4,1861,37.1,3073,61.3,78,1.6,5012,100,22.4,   
61,Northwest Territories,Males,01000,1941,4,2210,33,4305,64.3,185,2.8,6700,100,25.4,   
61,Northwest Territories,Males,01000,1951,3,2976,32.9,5837,64.5,240,2.7,9053,100,23.5,   
61,Northwest Territories,Males,01000,1961,2,4723,36.8,7751,60.5,348,2.7,12822,100,23.1,   
61,Northwest Territories,Males,01000,1971,1,7695,42.1,10185,55.7,400,2.2,18280,100,19.8,   
61,Northwest Territories,Males,01000,1981,1,8170,34.1,15065,62.9,725,3,23965,100,22.4,   
61,Northwest Territories,Males,01000,1991,1,9675,32.2,19515,64.9,865,2.9,30055,100,25.3,   
61,Northwest Territories,Males,01000,2001, ,5130,26.8,13145,68.8,840,4.4,19115,100,30.4,   
61,Northwest Territories,Males,01000,2011, ,4535,21.5,15310,72.7,1220,5.8,21065,100,32.3,   
62,Nunavut,Both sexes,02000,1921,5,...,...,...,...,...,...,...,...,...,   
62,Nunavut,Both sexes,02000,1931,4,...,...,...,...,...,...,...,...,...,   
62,Nunavut,Both sexes,02000,1941,4,...,...,...,...,...,...,...,...,...,   
62,Nunavut,Both sexes,02000,1951,3,...,...,...,...,...,...,...,...,...,   
62,Nunavut,Both sexes,02000,1961,2,...,...,...,...,...,...,...,...,...,   
62,Nunavut,Both sexes,02000,1971,1,...,...,...,...,...,...,...,...,...,   
62,Nunavut,Both sexes,02000,1981,1,...,...,...,...,...,...,...,...,...,   
62,Nunavut,Both sexes,02000,1991,1,...,...,...,...,...,...,...,...,...,   
62,Nunavut,Both sexes,02000,2001, ,9925,37.1,16225,60.7,595,2.2,26745,100,22.1,   
62,Nunavut,Both sexes,02000,2011, ,10425,32.7,20420,64,1060,3.3,31905,100,24.1,   
62,Nunavut,Females,02000,1921,5,...,...,...,...,...,...,...,...,...,   
62,Nunavut,Females,02000,1931,4,...,...,...,...,...,...,...,...,...,   
62,Nunavut,Females,02000,1941,4,...,...,...,...,...,...,...,...,...,   
62,Nunavut,Females,02000,1951,3,...,...,...,...,...,...,...,...,...,   
62,Nunavut,Females,02000,1961,2,...,...,...,...,...,...,...,...,...,   
62,Nunavut,Females,02000,1971,1,...,...,...,...,...,...,...,...,...,   
62,Nunavut,Females,02000,1981,1,...,...,...,...,...,...,...,...,...,   
62,Nunavut,Females,02000,1991,1,...,...,...,...,...,...,...,...,...,   
62,Nunavut,Females,02000,2001, ,4805,37.2,7865,60.9,235,1.8,12905,100,21.9,   
62,Nunavut,Females,02000,2011, ,5085,32.8,9930,64,495,3.2,15510,100,24.2,   
62,Nunavut,Males,02000,1921,5,...,...,...,...,...,...,...,...,...,   
62,Nunavut,Males,02000,1931,4,...,...,...,...,...,...,...,...,...,   
62,Nunavut,Males,02000,1941,4,...,...,...,...,...,...,...,...,...,   
62,Nunavut,Males,02000,1951,3,...,...,...,...,...,...,...,...,...,   
62,Nunavut,Males,02000,1961,2,...,...,...,...,...,...,...,...,...,   
62,Nunavut,Males,02000,1971,1,...,...,...,...,...,...,...,...,...,   
62,Nunavut,Males,02000,1981,1,...,...,...,...,...,...,...,...,...,   
62,Nunavut,Males,02000,1991,1,...,...,...,...,...,...,...,...,...,   
62,Nunavut,Males,02000,2001, ,5120,37,8355,60.4,365,2.6,13840,100,22.3,   
62,Nunavut,Males,02000,2011, ,5340,32.6,10490,64,570,3.5,16395,100,24,   
,,,,,,,,,,,,,,,
Random rounding and percentage distributions,,,,,,,,,,,,,,,
,,,,,,,,,,,,,,,
"To ensure the confidentiality of responses collected for the 2011 Census, a random rounding process is used to alter the values reported in individual cells. As a result, when these data are summed or grouped, the total value may not match the sum of the individual values, since the total and subtotals are independently rounded. Similarly, percentage distributions, which are calculated on rounded data, may not necessarily add up to 100%.",,,,,,,,,,,,,,,
,,,,,,,,,,,,,,,
Data quality note(s),,,,,,,,,,,,,,,
,,,,,,,,,,,,,,,
Digit Description,,,,,,,,,,,,,,,
,,,,,,,,,,,,,,,
1st (0XXXX) Incomplete enumeration flag,,,,,,,,,,,,,,,
2nd (X0XXX) Data quality flag,,,,,,,,,,,,,,,
3rd (XX0XX) Population and dwelling counts error flag,,,,,,,,,,,,,,,
4th (XXX0X) Not applicable,,,,,,,,,,,,,,,
5th (XXXX0) 2006 adjusted population flag,,,,,,,,,,,,,,,
,,,,,,,,,,,,,,,
Flag description,,,,,,,,,,,,,,,
,,,,,,,,,,,,,,,
Incomplete enumeration flag,,,,,,,,,,,,,,,
,,,,,,,,,,,,,,,
0 = Default.,,,,,,,,,,,,,,,
1 = Incompletely enumerated Indian reserve or Indian settlement (suppressed).,,,,,,,,,,,,,,,
2 = Excludes census data for one or more incompletely enumerated Indian reserves or Indian settlements.,,,,,,,,,,,,,,,
,,,,,,,,,,,,,,,
Data quality flag,,,,,,,,,,,,,,,
,,,,,,,,,,,,,,,
0 = Default.,,,,,,,,,,,,,,,
1 = Data quality index showing a global non response rate higher than or equal to 5% but lower than 10%.,,,,,,,,,,,,,,,
2 = Data quality index showing a global non response rate higher than or equal to 10% but lower than 25%.,,,,,,,,,,,,,,,
3 = Data quality index showing a global non response rate higher than or equal to 25% (suppressed).,,,,,,,,,,,,,,,
,,,,,,,,,,,,,,,
Population and dwelling counts error flag,,,,,,,,,,,,,,,
,,,,,,,,,,,,,,,
0 = Default.,,,,,,,,,,,,,,,
"1 = An error exists in the 2011 population and dwelling counts for this area. For further details, please refer to the Population and dwelling count amendments, 2011 Census (http://www12.statcan.gc.ca/census-recensement/news-nouvelles/corr/cgen004-eng.cfm).",,,,,,,,,,,,,,,
"2 = In 2006, the population and/or dwelling counts for this census subdivision were found to be incorrect. Since it is not possible to make changes to the 2006 Census data presented in these tables, the 2006 data should be used with caution. For further details, please refer to the Population and dwelling count amendments, 2011 Census (http://www12.statcan.gc.ca/census-recensement/news-nouvelles/corr/cgen004-eng.cfm).",,,,,,,,,,,,,,,
"3 = Both the 2011 and 2006 population and/or dwelling counts for this area were found to be incorrect. Since it is not possible to make changes to the census data presented in these tables, these counts should be used with caution. For further details, please refer to the Population and dwelling count amendments, 2011 Census (http://www12.statcan.gc.ca/census-recensement/news-nouvelles/corr/cgen004-eng.cfm).",,,,,,,,,,,,,,,
,,,,,,,,,,,,,,,
Not applicable,,,,,,,,,,,,,,,
,,,,,,,,,,,,,,,
0 = Default.,,,,,,,,,,,,,,,
,,,,,,,,,,,,,,,
2006 adjusted population flag,,,,,,,,,,,,,,,
,,,,,,,,,,,,,,,
0 = Default.,,,,,,,,,,,,,,,
1 = 2006 adjusted count; most of these are the result of boundary changes.,,,,,,,,,,,,,,,
,,,,,,,,,,,,,,,
"Source: Statistics Canada, 2011 Census of Population.",,,,,,,,,,,,,,,
"How to cite: Statistics Canada. 2012. Age and Sex 2011 counts for both sexes for Canada provinces and territories, Age and Sex Highlight Tables. 2011 Census. Statistics Canada Catalogue no. 98-311-XWE2011002. Ottawa. released May 29,2012",,,,,,,,,,,,,,,
,,,,,,,,,,,,,,,
Notes:,,,,,,,,,,,,,,,
"1. Prior to its creation as a territory on April 1, 1999, Nunavut was part of the Northwest Territories.",,,,,,,,,,,,,,,
"2. Prior to its creation as a territory on April 1, 1999, Nunavut was part of the Northwest Territories. The figures for this census year have not been subjected to random rounding.",,,,,,,,,,,,,,,
"3. Prior to its creation as a territory on April 1, 1999, Nunavut was part of the Northwest Territories. The figures for this census year have not been subjected to random rounding. Median age is calculated from population estimates for this census year.",,,,,,,,,,,,,,,
"4. Prior to its creation as a territory on April 1, 1999, Nunavut was part of the Northwest Territories. The figures for this census year have not been subjected to random rounding. Median age is calculated from population estimates for this census year. Newfoundland and Labrador became a province of Canada in 1949.",,,,,,,,,,,,,,,
"5. Prior to its creation as a territory on April 1, 1999, Nunavut was part of the Northwest Territories. The figures for this census year have not been subjected to random rounding. Median age is calculated from population estimates for this census year. Newfoundland and Labrador became a province of Canada in 1949.",,,,,,,,,,,,,,,
"The figure for 1921, Canada, includes 485 members of the Royal Canadian Navy whose province of residence is not known.",,,,,,,,,,,,,,,
"6. The median age is an age 'x', such that exactly one half of the population is older than 'x' and the other half is younger than 'x'.",,,,,,,,,,,,,,,
